﻿datetime,sales,week,soldout,name,kcal,event,payday,weather,precipitation,temperature,month,day,period,temperature_diff,temperature_rolling_mean,temperature_pct_change
2014/2/3,139,月,1,ハンバーグカレーソース,445,NaN,0,晴れ,0,15.9,2,3,上旬,1.8,15.1,0.12766
2014/2/17,100,月,1,チンジャオロース,416,NaN,0,晴れ,0,11.6,2,17,中旬,10.4,6.4,8.666667
2014/2/10,134,月,0,鶏の唐揚げおろしソース,423,NaN,1,曇,0,7.8,2,10,上旬,2.3,5.833333,0.418182
2014/1/15,127,水,0,さんま辛味焼,450,NaN,0,曇,0,2.9,1,15,中旬,-2.9,4.6,-0.5
2014/3/3,131,月,0,ハンバーグカレーソース,407,NaN,0,曇,0,7.8,3,3,上旬,-9.9,11.333333,-0.559322
2014/3/17,129,月,0,鶏の唐揚げおろしソース,382,NaN,0,快晴,0,14,3,17,中旬,2.5,13.566667,0.217391
2014/1/9,129,木,1,鶏チリソース,435,NaN,0,曇,0,10.9,1,9,上旬,1.1,9.333333,0.112245
2014/1/21,127,火,1,サバ焼味噌掛け,447,NaN,0,快晴,0,10.4,1,21,下旬,3.9,8.233333,0.6
2014/2/24,133,月,1,ポークハヤシ,408,NaN,0,曇,0,6.6,2,24,下旬,-1.9,6.833333,-0.223529
2014/1/14,115,火,1,鶏の照り焼きマスタード,376,NaN,0,晴れ,0,5.8,1,14,中旬,0.7,7.266667,0.137255
