﻿datetime,y,week,soldout,name,kcal,remarks,event,payday,weather,precipitation,temperature
2014/9/24,59,水,1,白身魚のマスタード焼き,408,NaN,NaN,NaN,曇,0,24.8
2014/9/25,50,木,0,牛カルビ焼き肉,394,NaN,NaN,NaN,曇,0,25.4
2014/9/26,45,金,0,ランチビュッフェ,NaN,スペシャルメニュー（800円）,キャリアアップ支援セミナー,NaN,晴れ,--,27.1
2014/9/29,56,月,1,豚肉と玉子の炒め,404,NaN,NaN,NaN,快晴,--,26.6
2014/9/30,40,火,0,鶏肉とカシューナッツ炒め,398,NaN,NaN,NaN,快晴,--,28.1
2014/4/22,78,火,1,マーボ豆腐,382,NaN,NaN,NaN,曇,--,18.8
2014/4/23,63,水,0,手作りひれかつ,340,NaN,NaN,NaN,快晴,--,19.4
2014/4/24,56,木,1,鶏の照り焼きマヨ,360,NaN,NaN,NaN,晴れ,--,19.9
2014/4/25,80,金,0,中華丼,NaN,お楽しみメニュー,NaN,NaN,晴れ,--,20.8
2014/4/28,54,月,0,タンドリーチキン,342,NaN,NaN,NaN,晴れ,--,22.7
2014/4/30,97,水,1,豚味噌メンチカツ,368,NaN,NaN,NaN,雨,0.5,17.5
2014/1/8,128,水,0,豚肉の生姜焼,462,NaN,NaN,NaN,曇,--,9.8
2014/1/31,92,金,1,メダイ照り焼,460,NaN,NaN,NaN,快晴,--,14.1
2014/9/9,63,火,0,ハンバーグデミソース,460,NaN,NaN,NaN,晴れ,--,26.8
